"Name","Calls","TotalDurationNs","AverageNs","Percentage"
hipMemcpy,2,243404574,121702287,98.01509392806454
hipFree,5,2092869,418573,0.8427645719350143
hipLaunchKernel,3,1849388,616462,0.7447187024900995
hipMalloc,5,957766,191553,0.3856769119347226
__hipPushCallConfiguration,3,25331,8443,0.010200384912617964
__hipPopCallConfiguration,3,3838,1279,0.0015455006630068985
