"Name","Calls","TotalDurationNs","AverageNs","Percentage"
hipMemcpy,3,290355815,96785271,98.45210418687103
hipFree,5,1963411,392682,0.6657415982306008
hipLaunchKernel,3,1629398,543132,0.5524864782125313
hipMalloc,5,946315,189263,0.3208708011361813
__hipPushCallConfiguration,3,22148,7382,0.007509810690482708
__hipPopCallConfiguration,3,3796,1265,0.0012871248591779104
